,count,mean,std,min,25%,50%,75%,max
log_workers,985.0,4.189178803367776,1.3824305447244374,1.791759469228055,3.044522437723423,4.07753744390572,5.198497031265826,10.239995502805316
share_managers,985.0,0.07690257866495695,0.05073703362173551,0.0048888888888888,0.0410958904109589,0.0655021834061135,0.1,0.2727272727272727
share_professionals,985.0,0.5726615145980621,0.23832254187756668,0.0,0.4,0.6,0.7777777777777778,0.9605263157894736
share_clerical,985.0,0.18339115545638274,0.1328033441347702,0.0,0.1,0.1428571428571428,0.236,0.8
admin_worker_share,984.0,0.4931054676851052,0.3888757377253521,0.005,0.15512820512820508,0.27525252525252525,1.0,1.0
sector_ai_intensive,986.0,0.5649087221095335,0.4960205515893213,0.0,0.0,1.0,1.0,1.0
has_website,986.0,0.8427991886409736,0.3641747143583986,0.0,1.0,1.0,1.0,1.0
share_computer_use,985.0,24.041624365482235,21.493979432164256,0.0,10.0,15.0,25.0,100.0
ai_adopter,986.0,0.4847870182555781,0.5000221368438015,0.0,0.0,0.0,1.0,1.0
ai_b2a1_flag,986.0,0.2606490872210953,0.4392115508270208,0.0,0.0,0.0,1.0,1.0
ai_b2a2_flag,986.0,0.19675456389452334,0.3977469728618611,0.0,0.0,0.0,0.0,1.0
ai_b2a3_flag,986.0,0.061866125760649086,0.24103450124506504,0.0,0.0,0.0,0.0,1.0
ai_b2a4_flag,986.0,0.26369168356997974,0.4408576807680547,0.0,0.0,0.0,1.0,1.0
ai_b2a5_flag,986.0,0.04259634888438134,0.20204777378186856,0.0,0.0,0.0,0.0,1.0
ai_b2a6_flag,986.0,0.018255578093306288,0.1339421785785039,0.0,0.0,0.0,0.0,1.0
ai_breadth_score,986.0,0.8438133874239351,1.1028100985046076,0.0,0.0,0.0,1.0,6.0
uses_genai,986.0,0.26369168356997974,0.4408576807680547,0.0,0.0,0.0,1.0,1.0
ai_b4a1_flag,986.0,0.08316430020283976,0.2762705350033417,0.0,0.0,0.0,0.0,1.0
ai_b4a2_flag,986.0,0.13184584178498987,0.3384947878310433,0.0,0.0,0.0,0.0,1.0
ai_b4a3_flag,986.0,0.08620689655172414,0.28081175621676996,0.0,0.0,0.0,0.0,1.0
ai_b4a4_flag,986.0,0.10547667342799188,0.3073225226986409,0.0,0.0,0.0,0.0,1.0
ai_b4a5_flag,986.0,0.04665314401622718,0.21100185332564353,0.0,0.0,0.0,0.0,1.0
ai_b4a6_flag,986.0,0.06389452332657201,0.24468905997510068,0.0,0.0,0.0,0.0,1.0
ai_b4a7_flag,986.0,0.25760649087221094,0.43753804918629036,0.0,0.0,0.0,1.0,1.0
functional_breadth,986.0,0.7748478701825557,1.4292151931054964,0.0,0.0,0.0,1.0,7.0
ai_b3a1_flag,986.0,0.4726166328600406,0.4995029499841458,0.0,0.0,0.0,1.0,1.0
ai_b3a2_flag,986.0,0.4340770791075051,0.49588664389750076,0.0,0.0,0.0,1.0,1.0
ai_b3a3_flag,986.0,0.2281947261663286,0.4198817655824138,0.0,0.0,0.0,0.0,1.0
ai_b3a4_flag,986.0,0.04665314401622718,0.21100185332564353,0.0,0.0,0.0,0.0,1.0
ai_b3a5_flag,986.0,0.40872210953346855,0.4918472275893421,0.0,0.0,0.0,1.0,1.0
ai_b3a6_flag,986.0,0.06592292089249494,0.2482732450447768,0.0,0.0,0.0,0.0,1.0
ai_b3a7_flag,986.0,0.08316430020283976,0.27627053500334164,0.0,0.0,0.0,0.0,1.0
ai_b3a8_flag,986.0,0.1257606490872211,0.3317476863891486,0.0,0.0,0.0,0.0,1.0
task_breadth,986.0,1.8651115618661258,2.158458708822941,0.0,0.0,0.0,3.75,8.0
finance_digitization,986.0,4.013184584178499,1.436588104197761,0.0,3.0,4.0,5.0,7.0
supplychain_digitization,986.0,2.8580121703853956,2.4573771052516915,0.0,0.0,3.0,5.0,7.0
customer_digitization,986.0,3.493914807302231,3.061876848664828,0.0,0.0,4.0,6.0,8.0
hired_due_to_ai,986.0,0.055780933062880324,0.2296146599467873,0.0,0.0,0.0,0.0,1.0
laidoff_due_to_ai,986.0,0.008113590263691683,0.08975483402781645,0.0,0.0,0.0,0.0,1.0
froze_hiring_due_to_ai,986.0,0.02231237322515213,0.1477723856423215,0.0,0.0,0.0,0.0,1.0
reassigned_due_to_ai,986.0,0.05476673427991886,0.22763983564051568,0.0,0.0,0.0,0.0,1.0
gave_ai_training,986.0,0.1206896551724138,0.32593159108233855,0.0,0.0,0.0,0.0,1.0
tried_hiring_ai_talent,986.0,0.013184584178498986,0.11412256482712047,0.0,0.0,0.0,0.0,1.0
ai_g1a_flag,986.0,0.8438133874239351,0.3632164010240716,0.0,1.0,1.0,1.0,1.0
ai_g1b_flag,986.0,0.5294117647058824,0.49938750182418706,0.0,0.0,1.0,1.0,1.0
ai_g1c_flag,986.0,0.26267748478701824,0.4403119930325389,0.0,0.0,0.0,1.0,1.0
ai_g1d_flag,986.0,0.3022312373225152,0.4594579583711101,0.0,0.0,0.0,1.0,1.0
ai_g1e_flag,986.0,0.33975659229208927,0.47386684670725193,0.0,0.0,0.0,1.0,1.0
ai_g1f_flag,986.0,0.7636916835699797,0.4250293059729445,0.0,1.0,1.0,1.0,1.0
policy_support_score,986.0,3.0415821501014197,1.9295445747205069,0.0,2.0,3.0,5.0,6.0
idle_time_share,980.0,8.005102040816327,9.10931089234511,0.0,3.0,5.0,10.0,75.0
workers_wanting_more_hours_share,958.0,27.092901878914404,26.289099491459705,0.0,6.0,15.0,50.0,100.0
can_absorb_demand_shock,986.0,0.5141987829614605,0.500051994290035,0.0,0.0,1.0,1.0,1.0
capacity_utilization,960.0,1.98125,0.13571154160004942,1.0,2.0,2.0,2.0,2.0
reskilling_need_share,914.0,17.505470459518598,23.49967892972862,0.0,4.0,10.0,20.0,100.0
sales_seasonality_ratio,983.0,1.426372813263958,1.275959404690042,1.0,1.0476190476190477,1.1003905818195217,1.3333333333333333,20.0
worker_seasonality_ratio,980.0,1.0916142139494636,0.7499166630648976,0.2142857142857142,1.0,1.0198039215686274,1.0714285714285714,20.0
expects_employee_increase,986.0,0.7565922920892495,0.4293569150590866,0.0,1.0,1.0,1.0,1.0
ai_f2a2,986.0,11.02129817444219,7.292618668489164,1.0,5.0,10.0,15.0,65.0
